<?xml version="1.0" encoding="UTF_8"?>
<data>
    <program SECTOR_SIZE_IN_BYTES="512" file_sector_offset="0" filename="aboot.img" label="aboot" num_partition_sectors="6144" physical_partition_number="0" size_in_KB="3145728" sparse="false" start_byte_hex="140000" start_sector="1310720"/>
    <program SECTOR_SIZE_IN_BYTES="512" file_sector_offset="0" filename="140boot.img" label="boot" num_partition_sectors="65536" physical_partition_number="0" size_in_KB="33554432" sparse="false" start_byte_hex="14B100" start_sector="1356032"/>
    <program SECTOR_SIZE_IN_BYTES="512" file_sector_offset="0" filename="misc.img" label="misc" num_partition_sectors="2048" physical_partition_number="0" size_in_KB="1048576" sparse="false" start_byte_hex="510000" start_sector="5308416"/>
    <program SECTOR_SIZE_IN_BYTES="512" file_sector_offset="0" filename="userdata_0.img" label="userdata" num_partition_sectors="4128" physical_partition_number="0" start_sector="5768208"/>
    <program SECTOR_SIZE_IN_BYTES="512" file_sector_offset="0" filename="userdata_1.img" label="userdata" num_partition_sectors="32" physical_partition_number="0" start_sector="5772432"/>
    <program SECTOR_SIZE_IN_BYTES="512" file_sector_offset="0" filename="userdata_2.img" label="userdata" num_partition_sectors="32" physical_partition_number="0" start_sector="5772560"/>
    <program SECTOR_SIZE_IN_BYTES="512" file_sector_offset="0" filename="userdata_3.img" label="userdata" num_partition_sectors="16" physical_partition_number="0" start_sector="5776672"/>
    <program SECTOR_SIZE_IN_BYTES="512" file_sector_offset="0" filename="userdata_4.img" label="userdata" num_partition_sectors="192" physical_partition_number="0" start_sector="5838224"/>
    <program SECTOR_SIZE_IN_BYTES="512" file_sector_offset="0" filename="userdata_5.img" label="userdata" num_partition_sectors="16" physical_partition_number="0" start_sector="6030352"/>
    <program SECTOR_SIZE_IN_BYTES="512" file_sector_offset="0" filename="userdata_6.img" label="userdata" num_partition_sectors="48944" physical_partition_number="0" start_sector="6292496"/>
    <program SECTOR_SIZE_IN_BYTES="512" file_sector_offset="0" filename="userdata_7.img" label="userdata" num_partition_sectors="27760" physical_partition_number="0" start_sector="6341648"/>
    <program SECTOR_SIZE_IN_BYTES="512" file_sector_offset="0" filename="userdata_8.img" label="userdata" num_partition_sectors="16" physical_partition_number="0" start_sector="6554640"/>
    <program SECTOR_SIZE_IN_BYTES="512" file_sector_offset="0" filename="userdata_9.img" label="userdata" num_partition_sectors="16" physical_partition_number="0" start_sector="7078928"/>
    <program SECTOR_SIZE_IN_BYTES="512" file_sector_offset="0" filename="userdata_10.img" label="userdata" num_partition_sectors="16" physical_partition_number="0" start_sector="7603216"/>
    <program SECTOR_SIZE_IN_BYTES="512" file_sector_offset="0" filename="userdata_11.img" label="userdata" num_partition_sectors="16" physical_partition_number="0" start_sector="8127504"/>
    <program SECTOR_SIZE_IN_BYTES="512" file_sector_offset="0" filename="userdata_12.img" label="userdata" num_partition_sectors="752" physical_partition_number="0" start_sector="9700368"/>
    <program SECTOR_SIZE_IN_BYTES="512" file_sector_offset="0" filename="userdata_13.img" label="userdata" num_partition_sectors="16" physical_partition_number="0" start_sector="9962512"/>
    <program SECTOR_SIZE_IN_BYTES="512" file_sector_offset="0" filename="userdata_14.img" label="userdata" num_partition_sectors="16" physical_partition_number="0" start_sector="9962640"/>
    <program SECTOR_SIZE_IN_BYTES="512" file_sector_offset="0" filename="userdata_15.img" label="userdata" num_partition_sectors="32" physical_partition_number="0" start_sector="9962768"/>
    <program SECTOR_SIZE_IN_BYTES="512" file_sector_offset="0" filename="userdata_16.img" label="userdata" num_partition_sectors="144" physical_partition_number="0" start_sector="10028432"/>
    <program SECTOR_SIZE_IN_BYTES="512" file_sector_offset="0" filename="userdata_17.img" label="userdata" num_partition_sectors="512" physical_partition_number="0" start_sector="10224656"/>
    <program SECTOR_SIZE_IN_BYTES="512" file_sector_offset="0" filename="userdata_18.img" label="userdata" num_partition_sectors="9024" physical_partition_number="0" start_sector="10228752"/>
    <program SECTOR_SIZE_IN_BYTES="512" file_sector_offset="0" filename="userdata_19.img" label="userdata" num_partition_sectors="16" physical_partition_number="0" start_sector="10241040"/>
    <program SECTOR_SIZE_IN_BYTES="512" file_sector_offset="0" filename="userdata_20.img" label="userdata" num_partition_sectors="16" physical_partition_number="0" start_sector="12321808"/>
    <program SECTOR_SIZE_IN_BYTES="512" file_sector_offset="0" filename="userdata_21.img" label="userdata" num_partition_sectors="16" physical_partition_number="0" start_sector="12846096"/>
    <program SECTOR_SIZE_IN_BYTES="512" file_sector_offset="0" filename="userdata_22.img" label="userdata" num_partition_sectors="32" physical_partition_number="0" start_sector="14156816"/>
</data>
